<?xml version="1.0" encoding="utf-8"?>
<layer-list xmlns:android="http://schemas.android.com/apk/res/android">

    <!-- Drop Shadow Stack -->
    <item>
        <shape>
            <padding android:top="0dp" android:right="0dp" android:bottom="1dp" android:left="0dp" />
            <solid android:color="#00888888"/>

        </shape>
    </item>
    <item>
        <shape>
            <padding android:top="0dp" android:right="0dp" android:bottom="1dp" android:left="0dp" />
            <solid android:color="#10888888" />
        </shape>
    </item>
    <item>
        <shape>
            <padding android:top="0dp" android:right="0dp" android:bottom="1dp" android:left="0dp" />
            <solid android:color="#20888888" />
        </shape>
    </item>
    <item>
        <shape>
            <padding android:top="0dp" android:right="0dp" android:bottom="1dp" android:left="0dp" />
            <solid android:color="#30888888" />
        </shape>
    </item>
    <item>
        <shape>
            <padding android:top="0dp" android:right="0dp" android:bottom="1dp" android:left="0dp" />
            <solid android:color="#40888888" />
        </shape>
    </item>
    <item>
        <shape>
            <padding android:top="0dp" android:right="0dp" android:bottom="1dp" android:left="0dp" />
            <solid android:color="#50888888" />
        </shape>
    </item>
    <item>
        <shape>
            <padding android:top="0dp" android:right="0dp" android:bottom="1dp" android:left="0dp" />
            <solid android:color="#60888888" />
        </shape>
    </item>

    <!-- Background -->
    <item>
        <shape>
            <solid />
        </shape>
    </item>
</layer-list>