<?xml version="1.0" encoding="utf-8"?>
<layer-list xmlns:android="http://schemas.android.com/apk/res/android" >

    <item>
        <shape>
            <padding
                android:bottom="0dp"
                android:left="0dp"
                android:right="0dp"
                android:top="1dp" />

            <solid android:color="#00363636" />

            <corners android:radius="14dip" />
        </shape>
    </item>
    <item>
        <shape>
            <padding
                android:bottom="0dp"
                android:left="0dp"
                android:right="0dp"
                android:top="1dp" />

            <solid android:color="#10363636" />

            <corners android:radius="14dip" />
        </shape>
    </item>
    <item>
        <shape>
            <padding
                android:bottom="0dp"
                android:left="0dp"
                android:right="0dp"
                android:top="1dp" />

            <solid android:color="#20363636" />

            <corners android:radius="14dip" />
        </shape>
    </item>
    <item>
        <shape>
            <padding
                android:bottom="0dp"
                android:left="0dp"
                android:right="0dp"
                android:top="1dp" />

            <solid android:color="#30363636" />

            <corners android:radius="14dip" />
        </shape>
    </item>
    <item>
        <shape>
            <padding
                android:bottom="0dp"
                android:left="0dp"
                android:right="0dp"
                android:top="1dp" />

            <solid android:color="#50363636" />

            <corners android:radius="14dip" />
        </shape>
    </item>

    <!-- Background -->
    <item>
        <shape>
            <corners
                android:topLeftRadius="2dip"
                android:topRightRadius="2dip"/>

            <solid android:color="@color/white" />

            <stroke
                android:width="0.1dip"
                android:color="#50363636" />
        </shape>
    </item>

</layer-list>