<?xml version="1.0" encoding="utf-8"?>
<selector xmlns:android="http://schemas.android.com/apk/res/android">
    <item>
        <layer-list>
            <item>
                <shape>
                    <solid android:color="@color/white_transp" />
                    <stroke android:width="1dp" android:color="#60505050" />
                    <corners android:radius="1dp" />
                    <padding
                        android:left="3dp"
                        android:top="3dp"
                        android:right="3dp"
                        android:bottom="3dp" />
                </shape>
            </item>
        </layer-list>
    </item>
</selector>